{
  "models": {
    "logreg": {
      "roc_auc": 0.9557012127698729,
      "avg_prec": 0.9484938638806895,
      "f1": 0.8758025402547688,
      "accuracy": 0.8886083333333333
    },
    "random_forest": {
      "roc_auc": 0.9598880669907139,
      "avg_prec": 0.95351479714177,
      "f1": 0.8831806556614741,
      "accuracy": 0.895325
    },
    "neural_net": {
      "roc_auc": 0.9627166575842783,
      "avg_prec": 0.9569500009578468,
      "f1": 0.886420877517449,
      "accuracy": 0.8981583333333333
    }
  },
  "best_model": "neural_net",
  "best_score": 0.9627166575842783
}